0.345160,0.009552,-0.027249,374.274336
0.686949,0.058908,-0.101551,246.187601
0.108539,0.009518,-0.002708,457.804808
0.348911,0.008779,-0.027812,372.915869
0.841320,0.028172,-0.151113,185.214729
0.176611,0.011913,-0.007575,434.197999
0.851387,0.058489,-0.154693,181.198920
0.067355,0.002422,-0.000615,471.918465
0.340522,0.006395,-0.026561,375.948788
0.156631,0.028154,-0.005966,441.175936
0.190955,0.029746,-0.008827,429.194781
0.045414,0.086616,0.000219,479.457581
0.637383,0.080789,-0.087809,265.357611
0.207541,0.019880,-0.010369,423.365584
0.710631,0.046761,-0.108486,236.956242
0.046960,0.087496,0.000165,478.933043
0.854353,0.006364,-0.155790,179.955866
0.232106,0.087569,-0.012851,414.763495
0.837375,0.002193,-0.149730,186.772874
0.277520,0.098233,-0.018040,398.648382
0.098403,0.047166,-0.002140,461.321715
0.565255,0.090907,-0.069650,292.881676
0.740914,0.014145,-0.117712,225.068109
0.398847,0.006130,-0.035826,354.740272
0.038503,0.005617,0.000467,481.739158
0.109728,0.086886,-0.002790,457.457977
0.525364,0.060096,-0.060533,307.895683
0.276814,0.085911,-0.017953,398.890070
0.053618,0.013870,-0.000063,476.609925
0.313932,0.036895,-0.022776,385.558543
0.234889,0.066917,-0.013145,413.762709
0.774296,0.079787,-0.128296,211.969398
0.598367,0.086167,-0.077720,280.297344
0.375324,0.081071,-0.031923,363.388859
0.279687,0.064856,-0.018308,397.847054
0.885593,0.053143,-0.167260,167.384615
0.222040,0.073594,-0.011807,418.305264
0.123651,0.063609,-0.003645,452.636796
0.116922,0.024505,-0.003215,454.927863
0.631872,0.054223,-0.086355,267.450374
0.151634,0.025328,-0.005587,442.910759
0.436913,0.017728,-0.042592,340.770261
0.879318,0.057644,-0.164912,169.929732
0.261280,0.043204,-0.016093,404.385689
0.304444,0.095153,-0.021492,389.014575
0.449298,0.021536,-0.044917,336.201453
0.075094,0.010575,-0.000961,469.281148
0.454875,0.057860,-0.045978,334.170516
0.622942,0.004922,-0.084026,270.830998
0.714094,0.054328,-0.109516,235.610768
0.748379,0.023395,-0.120039,222.142009
0.248353,0.063420,-0.014616,408.992257
0.908315,0.091003,-0.175879,158.190919
0.016751,0.077073,0.001060,489.158240
0.317264,0.028489,-0.023236,384.353133
0.175686,0.077936,-0.007503,434.575459
0.944273,0.091869,-0.190043,143.491491
0.172487,0.084517,-0.007237,435.697687
0.211389,0.032799,-0.010743,422.022913
0.838011,0.044206,-0.149932,186.557577
0.674104,0.076849,-0.097886,251.185636
0.055086,0.072183,-0.000130,476.156838
0.589138,0.038533,-0.075439,283.769566
0.755159,0.003032,-0.122187,219.453702
0.803957,0.078748,-0.138135,200.197445
0.176801,0.019855,-0.007592,434.138245
0.600142,0.075933,-0.078168,279.611484
0.120380,0.076265,-0.003438,453.776519
0.762831,0.020251,-0.124623,216.444418
0.008656,0.081840,0.001239,491.892768
0.334448,0.067327,-0.025669,378.194480
0.327831,0.056600,-0.024719,380.571978
0.114139,0.053477,-0.003049,455.910895
0.271077,0.027467,-0.017255,400.886082
0.153151,0.098792,-0.005709,442.443753
0.344719,0.049727,-0.027181,374.467946
0.091562,0.057589,-0.001777,463.678947
0.231062,0.022457,-0.012738,415.078262
0.272942,0.085794,-0.017481,400.270383
0.075390,0.076733,-0.000987,469.233271
0.477909,0.015010,-0.050523,325.588429
0.489192,0.028150,-0.052821,321.399524
0.223508,0.085341,-0.011958,417.797095
0.043246,0.096525,0.000292,480.201988
0.341994,0.004291,-0.026779,375.414850
0.100338,0.008863,-0.002241,460.625635
0.729159,0.049439,-0.114074,229.712693
0.120700,0.041813,-0.003453,453.638048
0.129792,0.063954,-0.004046,450.514354
0.442540,0.081015,-0.043631,338.749549
0.424602,0.022805,-0.040340,345.308049
0.803747,0.078496,-0.138064,200.280793
0.528178,0.086838,-0.061149,306.862184
0.288626,0.084811,-0.019430,394.670839
0.549415,0.032472,-0.065964,298.817175
0.079185,0.041686,-0.001158,467.906858
0.503730,0.081835,-0.055849,316.020141
0.939313,0.013352,-0.188104,145.450419
0.337996,0.023798,-0.026189,376.876028
0.361123,0.003194,-0.029682,368.484320
0.339001,0.079047,-0.026333,376.559956
0.209086,0.055986,-0.010521,422.852282
0.659400,0.073418,-0.093785,256.869167
0.248923,0.016242,-0.014678,408.751020
0.567731,0.067801,-0.070244,291.923239
0.048741,0.075532,0.000104,478.318081
0.269330,0.090790,-0.017046,401.561133
0.189039,0.077492,-0.008659,429.905592
0.133412,0.033480,-0.004286,449.237301
0.806221,0.042631,-0.138921,199.261952
0.069760,0.029745,-0.000725,471.119494
0.442378,0.064807,-0.043603,338.795389
0.147916,0.095619,-0.005319,444.259737
0.504172,0.060565,-0.055947,315.836239
0.214039,0.044059,-0.011004,421.099743
0.905689,0.023833,-0.174909,159.195756
0.368387,0.030346,-0.030819,365.869005
0.388665,0.069628,-0.034106,358.515873
0.085163,0.084342,-0.001456,465.894594
0.180236,0.016175,-0.007884,432.935027
0.491429,0.080337,-0.053273,320.611645
0.471012,0.047049,-0.049136,328.179246
0.431217,0.025356,-0.041542,342.875862
0.032198,0.034315,0.000656,483.899661
0.516864,0.062283,-0.058671,311.086511
0.121547,0.080633,-0.003513,453.377302
0.099998,0.014630,-0.002223,460.747147
0.119593,0.051343,-0.003385,454.027925
0.321479,0.026240,-0.023823,382.834629
0.295220,0.069673,-0.020278,392.298939
0.066930,0.083842,-0.000613,472.128991
0.522914,0.061268,-0.059993,308.816344
0.439120,0.085298,-0.042992,340.015061
0.260786,0.031585,-0.016035,404.551647
0.650957,0.014771,-0.091491,260.073066
0.075039,0.076091,-0.000971,469.352645
-0.000167,0.073943,-0.000289,494.847641
0.383084,0.099996,-0.033502,360.559510
0.585518,0.098484,-0.074532,285.200350
0.424377,0.006811,-0.040302,345.376907
0.331922,0.012026,-0.025307,379.058920
0.124322,0.072292,-0.003689,452.412103
0.088195,0.027135,-0.001598,464.809061
0.429695,0.087593,-0.041255,343.490480
0.156250,0.090946,-0.005944,441.359993
0.272774,0.022288,-0.017460,400.276970
0.393551,0.028473,-0.034927,356.695983
0.344141,0.049629,-0.027095,374.676968
0.789936,0.055685,-0.133447,205.749277
0.555658,0.010185,-0.067417,296.439925
0.668854,0.005285,-0.096437,253.152817
0.495424,0.031936,-0.054112,319.078864
0.637410,0.061065,-0.087823,265.329176
0.061222,0.079091,-0.000374,474.072124
0.506890,0.070183,-0.056523,314.828499
0.865407,0.041276,-0.159787,175.535118
0.912065,0.071761,-0.177340,156.644910
0.301551,0.000633,-0.021109,389.972271
0.980651,0.023058,-0.205043,128.432727
0.309881,0.074346,-0.022223,387.045490
0.357221,0.065937,-0.029074,369.953456
0.094889,0.079970,-0.001956,462.555163
0.595905,0.021212,-0.077123,281.177585
0.172156,0.030796,-0.007205,435.769200
0.237352,0.082263,-0.013410,412.904358
0.181083,0.008437,-0.007956,432.632401
0.207828,0.098651,-0.010402,423.329982
0.103048,0.012909,-0.002393,459.697336
0.013144,0.058690,0.001148,490.361002
0.059877,0.025942,-0.000309,474.487796
0.744251,0.014487,-0.118751,223.757266
0.982371,0.024973,-0.204901,127.850489
0.483423,0.030576,-0.051638,323.550762
0.152229,0.056391,-0.005635,442.729696
0.061427,0.048438,-0.000376,473.977508
0.100328,0.070245,-0.002250,460.678848
0.359386,0.025007,-0.029411,369.133169
0.404481,0.035369,-0.036788,352.703485
0.073703,0.006216,-0.000897,469.753165
0.361726,0.031601,-0.029774,368.289550
0.150327,0.021905,-0.005489,443.362063
0.348600,0.057030,-0.027762,373.069811
0.257659,0.094799,-0.015674,405.715831
0.245193,0.042458,-0.014264,410.094805
0.805114,0.073480,-0.138530,199.731817
0.086098,0.052972,-0.001497,465.548762
0.251354,0.082884,-0.014954,407.944344
0.586885,0.070696,-0.074875,284.655586
0.825696,0.028437,-0.145621,191.475012
0.209356,0.058050,-0.010547,422.758925
0.618660,0.064746,-0.082894,272.525416
0.592275,0.002976,-0.076225,282.543980
0.562525,0.025794,-0.069022,293.856895
0.195377,0.001027,-0.009226,427.621174
0.952568,0.092052,-0.193397,140.083602
0.167401,0.001215,-0.006813,437.403322
0.528123,0.047252,-0.061146,306.848133
0.326464,0.098405,-0.024523,381.100184
0.697777,0.027277,-0.104703,241.948653
0.483716,0.012697,-0.051701,323.425779
0.226210,0.046191,-0.012233,416.811149
0.886232,0.048859,-0.167502,167.121746
0.545325,0.044917,-0.065022,300.371236
0.358379,0.050442,-0.029253,369.520127
0.441349,0.013417,-0.043418,339.130335
0.017927,0.034361,0.001042,488.726844
-0.000276,0.033027,-0.000478,494.850811
0.951077,0.097271,-0.192789,140.701806
0.176479,0.025780,-0.007565,434.255658
0.413582,0.091489,-0.038367,349.415700
0.013995,0.032668,0.001135,490.053172
0.254062,0.066473,-0.015260,406.969429
0.578702,0.041706,-0.072886,287.739216
0.110971,0.048780,-0.002858,456.998964
0.191088,0.002816,-0.008837,429.125974
0.489858,0.054152,-0.052953,321.174060
0.353335,0.066674,-0.028478,371.362885
0.842458,0.062169,-0.151498,184.790268
0.435406,0.083825,-0.042304,341.383176
0.486907,0.003358,-0.052356,322.229248
0.191990,0.097918,-0.008925,428.888627
0.488969,0.069528,-0.052767,321.518944
0.362009,0.098368,-0.029813,368.243931
0.464071,0.069621,-0.047762,330.774243
0.495965,0.081691,-0.054215,318.920389
0.074822,0.087273,-0.000963,469.435957
0.332691,0.079757,-0.025415,378.839157
0.184831,0.044176,-0.008285,431.351054
0.811270,0.063316,-0.140629,197.269266
0.079797,0.067560,-0.001192,467.718240
0.594565,0.008141,-0.076793,281.676233
0.974098,0.034963,-0.202294,131.153874
0.714054,0.083254,-0.109492,235.653130
0.270179,0.024307,-0.017147,401.203297
0.460148,0.027297,-0.047003,332.191348
0.519101,0.085783,-0.059153,310.268457
0.083388,0.083030,-0.001368,466.501282
0.455831,0.069610,-0.046160,333.827025
0.060054,0.026986,-0.000316,474.428358
0.006730,0.009654,0.001296,492.484444
0.064760,0.050929,-0.000515,472.843048
0.112738,0.025058,-0.002960,456.370810
0.306284,0.036856,-0.021739,388.305316
0.936262,0.007927,-0.186889,146.695650
0.183206,0.073067,-0.008146,431.943226
0.086825,0.041113,-0.001531,465.290075
0.678781,0.041838,-0.099223,249.341445
0.339129,0.007345,-0.026356,376.453002
0.288191,0.072881,-0.019375,394.816372
0.287290,0.066748,-0.019261,395.133247
0.156065,0.051003,-0.005925,441.391613
0.142198,0.076564,-0.004903,446.228113
0.360894,0.017091,-0.029645,368.579377
0.469490,0.076692,-0.048829,328.770102
0.871931,0.069679,-0.162168,172.928160
0.810670,0.016381,-0.140448,197.464297
0.136517,0.082384,-0.004505,448.201973
0.204746,0.040739,-0.010103,424.365262
0.158571,0.075508,-0.006121,440.539953
0.123428,0.016926,-0.003624,452.675975
0.512527,0.041951,-0.057737,312.693451
0.589949,0.031064,-0.075642,283.454531
0.004388,0.016347,0.001341,493.278931
0.098196,0.044619,-0.002129,461.390795
0.646282,0.047634,-0.090210,261.903985
0.344179,0.010717,-0.027103,374.630005
0.508190,0.086228,-0.056797,314.356259
0.155770,0.068680,-0.005905,441.508717
0.348551,0.058520,-0.027754,373.088899
0.916627,0.023323,-0.179142,154.738281
0.500097,0.025830,-0.055093,317.328447
0.418227,0.084681,-0.039190,347.704644
0.290265,0.020733,-0.019640,394.030806
0.104553,0.076723,-0.002489,459.231045
0.409511,0.031971,-0.037661,350.857541
0.655699,0.044335,-0.092777,258.271069
0.775406,0.024952,-0.128683,211.479447
0.890895,0.025946,-0.169271,165.209112
0.105603,0.017634,-0.002539,458.821915
0.118377,0.047078,-0.003309,454.444217
0.117941,0.070742,-0.003285,454.613787
0.000212,0.055832,0.000368,494.709513
0.116944,0.002602,-0.003213,454.902550
0.902686,0.002761,-0.173769,160.397435
0.355566,0.038969,-0.028821,370.530743
0.754755,0.039011,-0.122043,219.646328
0.922690,0.015491,-0.181517,152.255658
0.366106,0.065086,-0.030457,366.727411
0.316554,0.038068,-0.023137,384.616834
0.699463,0.097260,-0.105168,241.356191
0.959386,0.009823,-0.196234,137.198229
0.251407,0.094463,-0.014960,407.935067
0.241451,0.063018,-0.013853,411.437396
0.177363,0.014870,-0.007639,433.937870
0.116430,0.008369,-0.003182,455.084583
0.036568,0.036079,0.000522,482.419948
0.451639,0.075937,-0.045354,335.383280
0.605193,0.072593,-0.079443,277.680826
0.732397,0.060694,-0.115061,228.454005
0.374761,0.022438,-0.031837,363.543373
0.243065,0.064622,-0.014030,410.867234
0.619131,0.012425,-0.083033,272.297787
0.975723,0.084815,-0.202938,130.530963
0.680061,0.021007,-0.099595,248.826067
0.202719,0.006981,-0.009909,425.049532
0.110728,0.042066,-0.002843,457.077170
0.578232,0.006813,-0.072782,287.886609
0.522652,0.000118,-0.060195,308.841362
0.112166,0.066812,-0.002932,456.601942
0.141541,0.034573,-0.004851,446.421984
0.826107,0.092328,-0.145730,191.370917
0.128037,0.039425,-0.003927,451.101584
0.378643,0.064140,-0.032461,362.165819
0.060990,0.052164,-0.000359,474.129723
0.145583,0.006519,-0.005138,444.996682
0.749756,0.091606,-0.120442,221.663258
0.533059,0.026348,-0.062251,304.973889
0.307417,0.066273,-0.021890,387.923555
0.270077,0.072311,-0.017135,401.279657
0.288222,0.016309,-0.019379,394.757571
0.043170,0.076144,0.000299,480.211468
0.329356,0.040388,-0.024937,380.008420
0.916470,0.041356,-0.179069,154.819433
0.408423,0.038377,-0.037471,351.261770
0.626049,0.098865,-0.084808,269.724826
0.601409,0.010745,-0.078506,279.069427
0.897235,0.088088,-0.171637,162.694608
0.963012,0.027939,-0.197710,135.722073
0.267360,0.089771,-0.016811,402.261805
0.141968,0.050387,-0.004884,446.286625
0.231622,0.061072,-0.012799,414.912289
0.373412,0.056980,-0.031618,364.064074
0.636230,0.007629,-0.087526,265.734608
0.422431,0.076362,-0.039942,346.152871
-0.000272,0.079067,-0.000471,494.886052
0.399719,0.071488,-0.035968,354.477536
0.137681,0.073969,-0.004585,447.791870
0.304072,0.045326,-0.021443,389.106010
0.697700,0.011841,-0.104686,241.964343
0.569231,0.072799,-0.070600,291.359568
0.392805,0.058712,-0.034799,356.994625
0.153812,0.019177,-0.005750,442.149017
0.749396,0.088978,-0.120330,221.802492
0.770745,0.003308,-0.127179,213.302803
0.007726,0.007801,0.001277,492.147402
0.290630,0.078597,-0.019686,393.948780
0.951809,0.088546,-0.193091,140.392544
0.099862,0.011181,-0.002215,460.791200
0.700341,0.078027,-0.105433,240.996758
0.054542,0.026939,-0.000100,476.305751
0.245618,0.007739,-0.014310,409.915581
0.538601,0.071173,-0.063486,302.928124
0.283401,0.050459,-0.018770,396.508968
0.067590,0.030383,-0.000631,471.860705
0.144905,0.061492,-0.005096,445.276805
0.061907,0.059498,-0.000398,473.822872
0.434174,0.044449,-0.042082,341.803241
0.819767,0.073663,-0.143542,193.887378
0.400173,0.035156,-0.036049,354.280243
0.732376,0.019718,-0.115072,228.424449
0.445712,0.042893,-0.044234,337.545322
0.254757,0.018143,-0.015339,406.682213
0.518859,0.023747,-0.059114,310.304562
0.297027,0.076684,-0.020513,391.657488
0.237771,0.053330,-0.013454,412.732058
0.200622,0.043482,-0.009714,425.815836
0.062815,0.019907,-0.000428,473.481552
0.574198,0.033430,-0.071801,289.441234
0.447635,0.067170,-0.044594,336.855761
0.720417,0.035913,-0.111424,233.122468
0.420104,0.031796,-0.039531,346.969216
0.551664,0.056327,-0.066477,297.989483
0.342207,0.011013,-0.026810,375.343591
0.936350,0.041969,-0.186902,146.692495
0.202891,0.080530,-0.009930,425.050030
0.556627,0.081766,-0.067624,296.137349
0.473036,0.048196,-0.049539,327.428404
0.506397,0.002800,-0.056432,314.953271
0.025758,0.038614,0.000839,486.083196
0.056667,0.018739,-0.000181,475.575735
0.217563,0.081280,-0.011356,419.889364
0.228415,0.063568,-0.012463,416.047184
0.146875,0.008299,-0.005233,444.549657
0.913886,0.098455,-0.178029,155.928132
0.373888,0.011617,-0.031698,363.851827
0.906070,0.031790,-0.175050,159.048291
0.417666,0.004017,-0.039101,347.840730
0.253363,0.013484,-0.015180,407.173420
0.709804,0.061178,-0.108234,237.292217
0.222601,0.099077,-0.011866,418.128445
0.185189,0.028144,-0.008315,431.212478
0.246574,0.014008,-0.014416,409.581826
0.217653,0.068496,-0.011364,419.847111
0.474874,0.027182,-0.049911,326.727233
0.263054,0.006187,-0.016300,403.723955
0.166822,0.064855,-0.006772,437.657338
0.541504,0.088121,-0.064140,301.849856
0.651495,0.063383,-0.091620,259.909951
0.342525,0.077120,-0.026853,375.284681
0.118298,0.001160,-0.003297,454.434155
0.657250,0.024354,-0.093210,257.654625
0.081142,0.058567,-0.001254,467.250680
0.827752,0.012479,-0.146345,190.637446
0.863849,0.046603,-0.159215,176.168253
-0.000134,0.075661,-0.000231,494.838154
0.253780,0.044238,-0.015228,407.051102
0.842725,0.051126,-0.151600,184.672305
0.224006,0.025001,-0.012005,417.571289
0.982721,0.085262,-0.204276,127.872223
0.926207,0.084896,-0.182855,150.884941
0.194254,0.021211,-0.009125,428.031592
0.266784,0.068737,-0.016742,402.449243
0.063702,0.040190,-0.000468,473.195421
0.777790,0.096822,-0.129426,210.602622
0.362377,0.065542,-0.029872,368.082459
0.140445,0.003194,-0.004770,446.776099
0.369697,0.014350,-0.031029,365.378822
0.510473,0.037408,-0.057296,313.458787
0.635818,0.023472,-0.087412,265.907121
0.564557,0.025077,-0.069502,293.087354
0.071654,0.060246,-0.000815,470.496906
0.019697,0.018629,0.001002,488.116628
0.698309,0.011597,-0.104865,241.726969
0.149686,0.054374,-0.005445,443.611354
0.575826,0.051440,-0.072188,288.839604
0.596952,0.091285,-0.077364,280.841471
0.332525,0.052627,-0.025392,378.875893
0.877792,0.090066,-0.164326,170.578105
0.200262,0.084752,-0.009684,425.976562
0.055709,0.028588,-0.000145,475.909930
0.351603,0.015891,-0.028218,371.947328
0.020446,0.007336,0.000985,487.854475
0.187663,0.064118,-0.008536,430.376087
0.270589,0.037261,-0.017197,401.067895
0.796319,0.091444,-0.135558,203.247470
0.701272,0.087294,-0.105703,240.642534
0.551676,0.027715,-0.066487,297.959511
0.880643,0.080919,-0.165392,169.415824
0.890692,0.029450,-0.169192,165.294769
0.114885,0.056872,-0.003095,455.656756
0.069713,0.053282,-0.000728,471.154440
0.766400,0.078354,-0.125742,215.089486
0.142802,0.068937,-0.004945,446.012611
0.620123,0.066211,-0.083273,271.966219
0.640169,0.051650,-0.088564,264.260167
0.353964,0.049145,-0.028575,371.120168
0.069372,0.078287,-0.000717,471.290957
0.781233,0.065916,-0.130569,209.210189
0.114474,0.058093,-0.003070,455.799281
0.854145,0.010611,-0.155713,180.043811
0.729804,0.025766,-0.114281,229.437899
0.404455,0.065469,-0.036780,352.738903
0.335549,0.004257,-0.025832,377.743433
0.283059,0.088986,-0.018727,396.663821
0.361338,0.071321,-0.029710,368.464523
0.104630,0.014294,-0.002483,459.154196
0.159865,0.089491,-0.006223,440.100883
0.363574,0.043022,-0.030061,367.628584
0.443061,0.094355,-0.043727,338.568967
0.449189,0.045648,-0.044892,336.262772
0.064248,0.011182,-0.000485,472.985677
0.108261,0.081711,-0.002703,457.959187
0.470685,0.098348,-0.049062,328.345349
0.203046,0.009307,-0.009940,424.936642
0.034309,0.041923,0.000591,483.190287
0.704924,0.025993,-0.106803,239.163019
0.467686,0.094982,-0.048469,329.455685
0.144318,0.071455,-0.005054,445.488928
0.210551,0.020326,-0.010661,422.307624
0.733339,0.053268,-0.115353,228.077601
0.474838,0.082655,-0.049893,326.789347
0.676525,0.035380,-0.098586,250.209899
0.369267,0.034568,-0.030959,365.552651
0.505515,0.081677,-0.056228,315.352842
0.098940,0.041892,-0.002169,461.132742
0.248290,0.053735,-0.014608,409.006659
0.030783,0.052767,0.000694,484.393690
0.952286,0.001933,-0.193342,140.112577
0.105698,0.089373,-0.002556,458.847567
0.866134,0.093514,-0.160024,175.291350
0.308448,0.080679,-0.022029,387.565394
0.699066,0.087250,-0.105056,241.501616
0.305339,0.049103,-0.021612,388.654564
0.077332,0.023553,-0.001067,468.526173
0.191828,0.070117,-0.008909,428.922438
0.535081,0.042798,-0.062700,304.227845
0.312162,0.035470,-0.022534,386.193388
0.761265,0.098411,-0.124086,217.135044
0.335163,0.076758,-0.025773,377.944386
0.100295,0.067708,-0.002248,460.688264
0.450902,0.042874,-0.045219,335.627244
0.531239,0.091132,-0.061829,305.715709
0.565560,0.058091,-0.069731,292.737049
0.728548,0.039958,-0.113891,229.943288
0.257987,0.084675,-0.015711,405.590709
0.587398,0.052024,-0.075007,284.443941
0.909279,0.017917,-0.176296,157.728282
0.323500,0.066674,-0.024105,382.141082
0.728368,0.096764,-0.113812,230.066191
0.071271,0.088184,-0.000803,470.650387
0.552565,0.063686,-0.066684,297.655734
0.032511,0.024700,0.000649,483.785714
0.031085,0.062123,0.000683,484.298842
0.230368,0.057845,-0.012667,415.352698
0.599466,0.099842,-0.078163,279.875032
0.173997,0.026780,-0.007357,435.123117
0.094868,0.048350,-0.001949,462.536832
0.426225,0.063121,-0.040628,344.745978
-0.000343,0.088174,-0.000594,494.916367
0.383707,0.001533,-0.033294,360.266112
0.332457,0.057575,-0.025382,378.904757
0.398898,0.096923,-0.035825,354.799990
0.554560,0.008166,-0.067161,296.853072
0.312962,0.081380,-0.022642,385.944528
0.750775,0.055650,-0.120778,221.229104
0.781153,0.094636,-0.130529,209.268923
0.462516,0.080854,-0.047456,331.360626
0.573663,0.080432,-0.071659,289.685998
0.316962,0.076314,-0.023192,384.502526
0.472266,0.028030,-0.049389,327.696981
0.216616,0.063954,-0.011261,420.208848
0.852270,0.035064,-0.155023,180.821502
0.738396,0.076680,-0.116903,226.114814
0.294136,0.073603,-0.020137,392.690223
0.690086,0.096065,-0.102441,245.002970
0.476132,0.008163,-0.050167,326.242959
0.314096,0.038793,-0.022799,385.501157
0.073778,0.074352,-0.000913,469.782520
0.776695,0.035731,-0.129098,210.979269
0.291755,0.095617,-0.019830,393.560895
0.214662,0.081509,-0.011068,420.911286
0.057585,0.059045,-0.000225,475.295278
0.196576,0.009665,-0.009336,427.207995
0.013674,0.002352,0.001149,490.137399
0.597873,0.034332,-0.077611,280.439326
0.162205,0.038953,-0.006401,439.244813
0.215695,0.063573,-0.011169,420.532807
0.471913,0.048506,-0.049315,327.846112
0.185135,0.049762,-0.008312,431.249147
0.099309,0.041289,-0.002189,461.005475
0.201452,0.017612,-0.009790,425.503175
0.422000,0.092351,-0.039863,346.325118
0.028706,0.015944,0.000762,485.067667
0.225018,0.038983,-0.012110,417.225739
0.698772,0.047187,-0.104986,241.579563
0.455013,0.045919,-0.046006,334.108979
0.197922,0.026126,-0.009462,426.749216
0.094946,0.005154,-0.001946,462.474965
0.351816,0.096947,-0.028245,371.939286
0.189414,0.012545,-0.008687,429.720688
0.301045,0.062915,-0.021041,390.206099
0.591359,0.032082,-0.075990,282.918549
0.421070,0.046762,-0.039702,346.627467
0.444227,0.036437,-0.043955,338.088027
0.833474,0.041085,-0.148334,188.373198
0.206755,0.075476,-0.010297,423.687846
0.042847,0.024225,0.000320,480.279704
0.481004,0.056105,-0.051141,324.473240
0.036092,0.005065,0.000544,482.556534
0.213963,0.041060,-0.010996,421.123826
0.982393,0.093026,-0.204842,127.910731
0.693876,0.091777,-0.103541,243.525386
0.011126,0.070403,0.001190,491.051104
0.000287,0.045729,0.000498,494.677082
0.573851,0.056600,-0.071711,289.593536
0.353374,0.091857,-0.028483,371.370358
0.861655,0.076285,-0.158398,177.081201
0.309249,0.030873,-0.022139,387.235743
0.566886,0.100007,-0.070231,292.255289
0.196380,0.064589,-0.009323,427.321829
0.426469,0.060048,-0.040673,344.653793
0.607069,0.012979,-0.079937,276.911031
0.154806,0.031754,-0.005827,441.813701
0.684658,0.060545,-0.100893,247.078688
0.108410,0.029038,-0.002704,457.864968
0.376018,0.020921,-0.032040,363.084600
0.226327,0.039262,-0.012245,416.764122
0.488978,0.079902,-0.052767,321.524932
0.610602,0.030222,-0.080832,275.576737
0.232366,0.051532,-0.012877,414.641609
0.100176,0.015523,-0.002233,460.686878
0.554148,0.044608,-0.067056,297.040934
0.776851,0.056975,-0.129139,210.937312
0.267243,0.043116,-0.016796,402.264330
0.957133,0.023574,-0.195303,138.139217
0.944005,0.008371,-0.189990,143.520499
0.595200,0.067489,-0.076934,281.487790
0.230819,0.037277,-0.012713,415.176257
0.198712,0.019647,-0.009535,426.466714
0.673199,0.061452,-0.097637,251.522244
0.411172,0.043524,-0.037950,350.258110
0.982664,0.066607,-0.204380,127.860574
0.690218,0.010064,-0.102513,244.872949
0.580360,0.018753,-0.073295,287.089032
0.572506,0.035646,-0.071394,290.084906
0.591048,0.004917,-0.075921,283.012675
0.230986,0.050219,-0.012731,415.128096
0.329763,0.084943,-0.024993,379.899698
0.463259,0.009234,-0.047613,331.022853
0.767232,0.083263,-0.126008,214.765111
0.877687,0.043378,-0.164314,170.576286
0.760940,0.031268,-0.124014,217.200495
0.057065,0.014896,-0.000195,475.437092
0.474625,0.094626,-0.049849,326.878857
0.408699,0.040119,-0.037519,351.161959
0.886301,0.065082,-0.167518,167.109088
0.027354,0.068089,0.000788,485.566756
0.205852,0.003299,-0.010206,423.945512
0.713330,0.076956,-0.109279,235.930096
0.103202,0.084438,-0.002413,459.702315
0.143522,0.090963,-0.005000,445.780806
0.910171,0.089647,-0.176596,157.434001
0.052035,0.001867,-0.000001,477.139023
0.043242,0.062084,0.000299,480.175990
0.447271,0.037317,-0.044530,336.964219
0.765743,0.055783,-0.125541,215.327620
0.035137,0.046600,0.000564,482.913250
0.039821,0.083330,0.000408,481.354205
0.336851,0.072904,-0.026019,377.331485
0.108294,0.064642,-0.002703,457.933696
0.526651,0.072642,-0.060814,307.423408
0.768787,0.013843,-0.126542,214.086107
0.000000,0.078138,0.000000,494.796478
0.510123,0.038222,-0.057221,313.590537
0.560474,0.078010,-0.068526,294.679405
0.100365,0.075613,-0.002253,460.670529
0.388156,0.062491,-0.034022,358.695467
0.801791,0.020246,-0.137433,201.004509
0.297438,0.053071,-0.020567,391.490399
0.314539,0.043251,-0.022859,385.345456
0.349668,0.009487,-0.027926,372.642512
0.053813,0.035166,-0.000074,476.560476
0.651767,0.057828,-0.091696,259.799963
0.206379,0.019604,-0.010258,423.773872
0.252998,0.003302,-0.015138,407.294211
0.000138,0.044177,0.000239,494.724509
0.047628,0.095393,0.000140,478.712303
0.957991,0.048123,-0.195637,137.809762
0.091706,0.000198,-0.002232,463.575013
0.276529,0.060804,-0.017918,398.970605
0.458420,0.086590,-0.046658,332.883223
0.200222,0.068366,-0.009679,425.977014
0.487154,0.038838,-0.052400,322.168229
0.555881,0.025537,-0.067465,296.369212
0.364282,0.019665,-0.030174,367.351350
0.972847,0.014756,-0.201788,131.650945
0.018962,0.000824,0.001024,488.350618
0.027660,0.026668,0.000789,485.430051
0.754957,0.060654,-0.122097,219.586887
0.100219,0.025193,-0.002237,460.679675
0.899360,0.093441,-0.172443,161.836305
0.127409,0.064509,-0.003889,451.338925
0.839687,0.040302,-0.150527,185.881341
0.012777,0.050328,0.001158,490.478251
0.616356,0.079891,-0.082294,273.420902
0.411139,0.087534,-0.037939,350.308277
0.280159,0.051680,-0.018366,397.667779
0.558736,0.033931,-0.068130,295.297560
0.121699,0.019130,-0.003514,453.274732
0.080298,0.051748,-0.001213,467.534314
0.695632,0.093424,-0.104051,242.844086
0.065277,0.080857,-0.000542,472.690802
0.691918,0.072439,-0.102980,244.269290
0.010767,0.072203,0.001197,491.173499
0.169037,0.073743,-0.006953,436.892554
0.261843,0.027025,-0.016158,404.172099
0.579445,0.064680,-0.073060,287.477810
0.537867,0.074730,-0.063320,303.207751
0.360578,0.002324,-0.029597,368.681143
0.091986,0.085725,-0.001804,463.556009
0.515415,0.099965,-0.058582,311.644906
0.546611,0.041359,-0.065317,299.882999
0.267216,0.090388,-0.016793,402.313499
0.089998,0.039915,-0.001693,464.201009
0.526896,0.070524,-0.060869,307.329577
0.119784,0.022112,-0.003393,453.938436
0.693425,0.099903,-0.103505,243.698022
0.293949,0.084017,-0.020113,392.765846
0.441760,0.064914,-0.043488,339.023580
0.257669,0.049329,-0.015674,405.674090
0.923240,0.044443,-0.181714,152.058600
0.744056,0.025775,-0.118685,223.844413
0.594561,0.063594,-0.076776,281.727680
0.237288,0.065470,-0.013402,412.912989
0.953314,0.006505,-0.193758,139.694044
0.151091,0.057756,-0.005550,443.126011
0.159512,0.011229,-0.006187,440.159699
0.842196,0.075725,-0.151398,184.908193
0.223160,0.075239,-0.011922,417.911321
0.340970,0.024353,-0.026626,375.802175
0.850039,0.091084,-0.154191,181.771566
0.910973,0.027863,-0.176944,157.047680
0.317524,0.035402,-0.023271,384.265431
0.712422,0.035681,-0.109024,236.246646
0.241455,0.049116,-0.013853,411.424528
0.229612,0.083474,-0.012589,415.641038
0.918981,0.011045,-0.180068,153.765780
0.219001,0.016699,-0.011497,419.329287
0.104931,0.084625,-0.002511,459.107425
0.300488,0.048663,-0.020968,390.393987
0.300805,0.001838,-0.021010,390.240636
0.293227,0.069044,-0.020020,393.011575
0.315090,0.066638,-0.022934,385.167332
0.564619,0.087655,-0.069501,293.119433
0.704879,0.019756,-0.106792,239.175148
0.343813,0.064451,-0.027045,374.808352
0.854092,0.036842,-0.155679,180.089797
0.604506,0.060901,-0.079273,277.932674
0.886994,0.002228,-0.167816,166.768156
0.713594,0.000176,-0.109473,235.747427
0.064462,0.010835,-0.000494,472.912520
0.117267,0.087126,-0.003246,454.859558
0.829481,0.042978,-0.146933,189.974236
0.528264,0.023035,-0.061183,306.773386
0.625800,0.032619,-0.084764,269.760707
0.341840,0.047681,-0.026753,375.507395
0.100232,0.087869,-0.002248,460.726218
0.181737,0.075987,-0.008019,432.459385
0.049166,0.036036,0.000097,478.141925
0.523046,0.047289,-0.060025,308.754683
0.021587,0.088103,0.000938,487.533097
0.337940,0.007723,-0.026181,376.882783
0.090267,0.015766,-0.001702,464.089245
0.660063,0.052316,-0.093975,256.593774
0.616104,0.074191,-0.082231,273.512103
0.836438,0.017816,-0.149390,187.163322
0.455669,0.023323,-0.046136,333.846500
0.491601,0.017060,-0.053321,320.491899
0.502844,0.059242,-0.055666,316.331591
0.193516,0.070004,-0.009061,428.330761
0.765241,0.033649,-0.125390,215.505261
0.482146,0.044120,-0.051375,324.037815
0.828604,0.030650,-0.146633,190.313679
0.652895,0.011503,-0.092020,259.323029
0.073573,0.036717,-0.000897,469.822246
0.058632,0.072133,-0.000269,474.949145
0.267925,0.075379,-0.016878,402.048709
0.767378,0.087177,-0.126053,214.711285
0.764728,0.000181,-0.125274,215.673081
0.722387,0.084530,-0.111999,232.396597
0.478452,0.064490,-0.050623,325.429889
0.666224,0.053234,-0.095685,254.213906
0.224173,0.025178,-0.012023,417.512541
0.730472,0.071284,-0.114466,229.218382
0.272237,0.008265,-0.017395,400.456453
0.000224,0.046543,0.000388,494.698369
0.078035,0.010297,-0.001098,468.275146
0.567139,0.099033,-0.070095,292.175359
0.508650,0.019322,-0.056910,314.124860
0.156671,0.001684,-0.005966,441.140489
0.420946,0.045360,-0.039680,346.671866
0.429134,0.029536,-0.041161,343.646458
0.540555,0.081717,-0.063926,302.201620
0.102080,0.029544,-0.002341,460.043714
0.228053,0.044299,-0.012424,416.158899
0.183735,0.058581,-0.008190,431.746157
0.756176,0.005392,-0.122509,219.054996
0.862066,0.055130,-0.158560,176.895615
0.701301,0.070210,-0.105718,240.615647
0.686115,0.084669,-0.101302,246.535166
0.352333,0.024936,-0.028329,371.690316
0.030368,0.029204,0.000711,484.515280
0.857726,0.088336,-0.156964,178.675664
0.029812,0.019863,0.000729,484.696328
0.313893,0.061644,-0.022770,385.593323
0.008832,0.078738,0.001236,491.830886
0.086070,0.020351,-0.001490,465.531908
0.426522,0.004742,-0.040690,344.586150
0.545574,0.052876,-0.065077,300.284451
0.830735,0.074675,-0.147355,189.502036
0.811327,0.030879,-0.140665,197.215869
0.037369,0.095630,0.000484,482.195887
0.640545,0.092843,-0.088650,264.152694
0.422656,0.075427,-0.039983,346.069373
0.059340,0.092745,-0.000301,474.724570
0.174886,0.022006,-0.007431,434.808880
0.027042,0.016655,0.000808,485.631394
0.142154,0.052965,-0.004897,446.224281
0.064660,0.070947,-0.000514,472.893126
0.046481,0.093443,0.000181,479.100502
0.364960,0.048084,-0.030278,367.129171
0.925886,0.031435,-0.182763,150.964924
0.755609,0.030648,-0.122317,219.302142
0.191741,0.001541,-0.008895,428.896183
0.571082,0.094290,-0.071036,290.677277
0.456903,0.009915,-0.046377,333.378101
0.929264,0.029080,-0.184097,149.580991
0.051634,0.022202,0.000010,477.291623
0.313706,0.066596,-0.022744,385.664791
0.762230,0.046282,-0.124419,216.705689
0.398758,0.069920,-0.035804,354.827972
0.050446,0.090894,0.000039,477.750752
0.725753,0.004520,-0.113054,231.005304
0.162523,0.052032,-0.006428,439.144820
0.746299,0.064148,-0.119369,222.997921
0.633713,0.021187,-0.086853,266.713701
0.026016,0.087962,0.000820,486.035375
0.409411,0.088358,-0.037637,350.942553
0.829512,0.004187,-0.146965,189.925040
0.198249,0.017957,-0.009492,426.627886
0.231438,0.062810,-0.012780,414.978812
0.439253,0.024166,-0.043026,339.913046
0.055597,0.021480,-0.000140,475.942274
0.126393,0.052012,-0.003821,451.679907
0.572618,0.050915,-0.071416,290.056169
0.594958,0.070518,-0.076873,281.582583
0.345168,0.038988,-0.027248,374.296287
0.117339,0.035560,-0.003242,454.793070
0.743035,0.068158,-0.118348,224.284821
0.474277,0.012104,-0.049794,326.935819
0.253415,0.080211,-0.015187,407.210507
0.183321,0.008441,-0.008150,431.849889
0.728419,0.090636,-0.113830,230.040445
0.362138,0.010202,-0.029839,368.121646
0.549834,0.087126,-0.066047,298.707722
0.131588,0.010193,-0.004159,449.849545
0.087369,0.064962,-0.001563,465.122788
0.271566,0.002287,-0.017314,400.690402
0.674943,0.072275,-0.098125,250.856719
0.307158,0.056448,-0.021856,388.007955
0.596678,0.081683,-0.077298,280.937212
0.074251,0.069142,-0.000933,469.616432
0.343735,0.049554,-0.027034,374.823773
0.413121,0.042276,-0.038292,349.542292
0.468504,0.090629,-0.048631,329.148304
0.660935,0.050258,-0.094217,256.255029
0.711173,0.064297,-0.108640,236.760515
0.035594,0.011550,0.000558,482.730598
0.131046,0.097198,-0.004135,450.107895
0.787744,0.074151,-0.132711,206.636443
0.353503,0.000001,-0.028861,371.226244
0.565821,0.073094,-0.069789,292.651393
0.033129,0.013862,0.000633,483.567712
0.372760,0.067759,-0.031512,364.310533
0.267672,0.037236,-0.016847,402.106690
0.346166,0.058787,-0.027396,373.952121
0.470370,0.004239,-0.049016,328.380190
0.380516,0.075929,-0.032764,361.493553
0.738478,0.079410,-0.116927,226.085367
0.042409,0.012510,0.000338,480.419030
0.758509,0.070320,-0.123220,218.195815
0.388903,0.055888,-0.034147,358.417210
0.323830,0.058866,-0.024152,382.015584
0.034255,0.083731,0.000583,483.241927
0.571641,0.077220,-0.071175,290.450026
0.360803,0.020794,-0.029631,368.615483
0.317428,0.029112,-0.023258,384.294878
0.006798,0.076659,0.001279,492.514724
0.982656,0.030672,-0.204405,127.828423
0.402821,0.043667,-0.036502,353.318284
0.280905,0.000173,-0.018848,397.341049
0.212835,0.066446,-0.010887,421.542146
0.963086,0.070196,-0.197712,135.732509
0.496814,0.047977,-0.054399,318.574175
0.328810,0.010485,-0.024860,380.180027
0.550370,0.009561,-0.066190,298.436654
0.121705,0.054286,-0.003519,453.301217
0.447424,0.061184,-0.044555,336.928470
0.533349,0.096732,-0.062299,304.927097
0.467794,0.055948,-0.048497,329.381632
0.073262,0.065436,-0.000888,469.951465
0.325346,0.021237,-0.024367,381.437574
0.152059,0.099335,-0.005627,442.823630
0.241979,0.067787,-0.013911,411.254527
0.236129,0.073090,-0.013278,413.329363
0.592541,0.028585,-0.076284,282.465523
0.285964,0.009464,-0.019093,395.558859
0.571226,0.063235,-0.071079,290.594848
0.108740,0.093568,-0.002733,457.803574
0.431314,0.069849,-0.041553,342.878764
0.139469,0.062730,-0.004708,447.163109
0.897764,0.019931,-0.171879,162.414636
0.575487,0.051209,-0.072106,288.967926
0.504986,0.088919,-0.056114,315.556962
0.406756,0.063244,-0.037179,351.893984
0.039914,0.005174,0.000422,481.259912
0.143667,0.010347,-0.005000,445.664794
0.952692,0.021376,-0.193495,139.964375
0.297124,0.042184,-0.020526,391.593782
0.309516,0.096864,-0.022173,387.195526
0.204373,0.072178,-0.010070,424.522380
0.534892,0.018248,-0.062663,304.277169
0.887985,0.046370,-0.168162,166.408812
0.135653,0.095839,-0.004447,448.512071
0.778034,0.083777,-0.129512,210.494071
0.461756,0.013487,-0.047318,331.583578
0.856334,0.008587,-0.156505,179.160625
0.875604,0.062174,-0.163530,171.436439
0.672265,0.052300,-0.097377,251.875750
0.659172,0.015520,-0.093743,256.904342
0.141374,0.079185,-0.004845,446.516234
0.817221,0.052622,-0.142675,194.884528
0.844066,0.044450,-0.152080,184.127806
0.588957,0.089377,-0.075380,283.884110
0.185630,0.058983,-0.008356,431.083713
0.350760,0.070330,-0.028087,372.299029
0.418055,0.079321,-0.039160,347.763015
0.613062,0.023956,-0.081464,274.630633
0.316696,0.055104,-0.023156,384.579925
0.982412,0.097595,-0.204808,127.913107
0.350906,0.082793,-0.028108,372.256655
0.982549,0.067110,-0.204580,127.872081
0.134964,0.008673,-0.004389,448.679582
0.562517,0.090659,-0.069003,293.917867
0.543579,0.055721,-0.064620,301.038973
0.240288,0.034933,-0.013726,411.825981
0.195392,0.009146,-0.009228,427.622646
0.117978,0.035525,-0.003282,454.572404
0.501148,0.052704,-0.055309,316.959736
0.362737,0.089446,-0.029927,367.972056
0.041283,0.058670,0.000365,480.838368
0.440031,0.094020,-0.043160,339.686899
0.078150,0.098724,-0.001119,468.307187
0.072477,0.006295,-0.000841,470.172207
0.814047,0.048704,-0.141587,196.147548
0.190656,0.080335,-0.008804,429.341512
0.005090,0.026351,0.001325,493.050318
0.269289,-0.000017,-0.017434,401.482997
0.735785,0.022965,-0.116120,227.090226
0.166256,0.070399,-0.006727,437.859175
0.318722,0.024284,-0.023438,383.825243
0.776023,0.089193,-0.128853,211.294989
0.603815,0.003820,-0.079115,278.145343
0.074186,0.035111,-0.000924,469.611288
0.009686,0.083070,0.001217,491.546613
0.436739,0.073290,-0.042552,340.882753
0.493882,0.054784,-0.053787,319.674144
0.772257,0.060300,-0.127642,212.758045
0.411660,0.008718,-0.038040,350.049173
0.630763,0.038901,-0.086067,267.862204
0.233451,0.048701,-0.012992,414.255843
0.091308,0.053180,-0.001763,463.762603
0.739240,0.029914,-0.117185,225.740286
0.531915,0.082618,-0.061982,305.453794
0.316971,0.040199,-0.023195,384.468696
0.567310,0.010144,-0.070160,292.031367
0.735707,0.085993,-0.116068,227.178754
0.762071,0.016060,-0.124382,216.740430
0.720704,0.000002,-0.111603,232.968682
0.831686,0.025382,-0.147715,189.074666
0.163257,0.095855,-0.006491,438.925138
0.179519,0.014251,-0.007822,433.184138
0.888763,0.060350,-0.168447,166.106569
0.356323,0.017223,-0.028939,370.237486
0.240603,0.076614,-0.013761,411.749209
0.306137,0.057656,-0.021719,388.375350
0.358080,0.026536,-0.029209,369.608412
0.017709,0.034342,0.001047,488.800706
0.286389,0.099433,-0.019146,395.482817
0.289737,0.000110,-0.019957,394.184918
0.530891,0.092255,-0.061751,305.847545
0.402660,0.056220,-0.036473,353.388164
0.603930,0.095063,-0.079117,278.183345
0.760720,0.045104,-0.123937,217.300435
0.180613,0.022701,-0.007917,432.808432
0.279139,0.067494,-0.018240,398.045117
0.577006,0.095916,-0.072461,288.431421
0.285269,0.056875,-0.019005,395.847149
0.184315,0.060651,-0.008241,431.545029
0.131558,0.056570,-0.004164,449.897588
0.804986,0.039198,-0.138504,199.750338
0.601342,0.063476,-0.078473,279.142545
0.520993,0.078971,-0.059568,309.553084
0.042978,0.039514,0.000313,480.247455
0.886728,0.009617,-0.167711,166.883293
0.201204,0.079176,-0.009771,425.641107
0.800541,0.016604,-0.137014,201.498525
0.111424,0.024804,-0.002881,456.823439
0.686195,0.014259,-0.101352,246.439389
0.204026,0.055033,-0.010036,424.629945
0.760455,0.017864,-0.123865,217.379654
0.030373,0.051311,0.000706,484.531403
0.057811,0.013147,-0.000224,475.181514
0.525342,0.037060,-0.060533,307.883368
0.178396,0.077060,-0.007732,433.628213
0.468136,0.033939,-0.048568,329.235517
0.450146,0.090569,-0.045067,335.947941
0.757154,0.049536,-0.122799,218.710406
0.026063,0.025554,0.000833,485.969550
0.948478,0.075468,-0.191750,141.748769
0.039454,0.099175,0.000417,481.491366
0.087337,0.005121,-0.001551,465.085574
0.125954,0.014716,-0.003787,451.801360
0.045154,0.025318,0.000241,479.496948
0.078379,0.096722,-0.001130,468.227188
0.493571,0.024463,-0.053728,319.763590
0.310005,0.020992,-0.022241,386.956018
0.699884,0.060538,-0.105306,241.158556
0.637047,0.079461,-0.087720,265.485453
0.727449,0.012450,-0.113568,230.348383
0.035199,0.093274,0.000552,482.929656
0.618725,0.080985,-0.082906,272.515144
0.029788,0.048020,0.000723,484.726705
0.979498,0.048036,-0.204542,128.934141
0.947315,0.004485,-0.191327,142.157886
0.630889,0.024845,-0.086105,267.801144
0.184747,0.099009,-0.008282,431.425658
0.460041,0.013414,-0.046984,332.219072
0.359630,0.072462,-0.029445,369.085203
0.171054,0.092560,-0.007120,436.204401
0.124341,0.013612,-0.003682,452.357874
0.161364,0.013044,-0.006332,439.516392
0.866468,0.013664,-0.160192,175.080525
0.145892,0.037238,-0.005164,444.914534
0.048182,0.090667,0.000121,478.520301
0.127927,0.061354,-0.003922,451.157327
0.392345,0.032966,-0.034725,357.140314
0.583760,0.039932,-0.074118,285.816422
0.023415,0.073412,0.000893,486.903539
0.169181,0.099156,-0.006967,436.863286
0.754612,0.001551,-0.122014,219.667985
0.039536,0.064988,0.000421,481.436083
0.402161,0.013454,-0.036392,353.533929
0.529098,0.054411,-0.061361,306.487879
0.400797,0.028565,-0.036156,354.046388
0.223780,0.045147,-0.011983,417.667820
0.738428,0.026357,-0.116935,226.055872
0.913627,0.049313,-0.177959,155.986673
0.680565,0.071576,-0.099720,248.676750
0.631040,0.021160,-0.086146,267.740115
0.910369,0.034538,-0.176706,157.300405
0.366186,0.070949,-0.030469,366.703422
0.245150,0.020010,-0.014258,410.091532
0.134672,0.062301,-0.004376,448.824410
0.967911,0.083231,-0.199693,133.755300
0.163934,0.032187,-0.006538,438.637020
-0.000074,0.098667,-0.000128,494.837046
0.454174,0.085477,-0.045839,334.453972
0.309942,0.069677,-0.022231,387.019851
0.405054,0.064262,-0.036884,352.518425
0.920586,0.032279,-0.180682,153.130842
0.806558,0.054095,-0.139029,199.138467
0.770859,0.098066,-0.127172,213.345908
0.389901,0.098059,-0.034309,358.088964
0.743556,0.053740,-0.118517,224.066572
0.095738,0.048089,-0.001996,462.237766
0.467752,0.098096,-0.048481,329.433863
0.493798,0.039720,-0.053772,319.692095
0.490641,0.060265,-0.053114,320.887736
0.080959,0.022131,-0.001239,467.284160
0.647337,0.071900,-0.090488,261.519604
0.071713,0.040449,-0.000814,470.460991
0.791108,0.057398,-0.133836,205.285673
0.612477,0.045131,-0.081308,274.873110
0.135210,0.003959,-0.004405,448.590737
0.885779,0.038265,-0.167338,167.295256
0.319458,0.008302,-0.023541,383.546684
0.088731,0.036536,-0.001627,464.632973
0.451420,0.005757,-0.045324,335.403090
0.427829,0.038146,-0.040922,344.134231
0.441481,0.053677,-0.043437,339.116760
0.422473,0.057611,-0.039952,346.120920
0.197198,0.041665,-0.009396,427.015999
0.786599,0.040136,-0.132349,207.058816
0.690290,0.057560,-0.102515,244.888430
0.925380,0.044964,-0.182555,151.184498
0.085019,0.047871,-0.001442,465.914394
0.582982,0.077801,-0.073917,286.145958
0.934607,0.055279,-0.186200,147.419069
0.462107,0.065226,-0.047378,331.498625
0.027467,0.019032,0.000796,485.489451
0.971640,0.091895,-0.201233,132.224527
0.327992,0.092241,-0.024740,380.544320
0.176306,0.085854,-0.007556,434.365569
0.680120,0.067838,-0.099594,248.845885
0.813558,0.082105,-0.141402,196.374229
0.105953,0.002353,-0.002557,458.689298
0.392616,0.019225,-0.034771,357.029527
0.696825,0.013232,-0.104430,242.306269
0.733286,0.064880,-0.115332,228.109242
0.882755,0.025260,-0.166213,168.507578
0.918936,0.001557,-0.180056,153.775222
0.399511,0.038638,-0.035936,354.525605
-0.000093,0.035657,-0.000161,494.793190
0.516510,0.029148,-0.058602,311.189917
0.061094,0.012393,-0.000356,474.062041
0.075307,0.009629,-0.000971,469.207502
0.280951,0.084356,-0.018465,397.412467
0.092082,0.093312,-0.001810,463.529282
0.576815,0.035976,-0.072431,288.450424
0.149432,0.006097,-0.005420,443.659978
0.359679,0.057528,-0.029454,369.054850
0.327808,0.091200,-0.024714,380.609748
0.196346,0.082226,-0.009321,427.348524
0.255067,0.012783,-0.015374,406.567874
0.446178,0.078310,-0.044316,337.403977
0.748257,0.038149,-0.119994,222.203861
0.201891,0.010967,-0.009831,425.343467
0.220706,0.071821,-0.011672,418.773813
0.334382,0.087149,-0.025659,378.235173
0.835324,0.065340,-0.148972,187.654670
0.241655,0.099262,-0.013877,411.395387
0.563233,0.047803,-0.069184,293.608534
0.455775,0.065715,-0.046150,333.844308
0.277830,0.042473,-0.018078,398.490983
0.661826,0.009881,-0.094478,255.874300
0.544758,0.049825,-0.064891,300.589174
0.568144,0.008257,-0.070358,291.713729
0.876698,0.026816,-0.163957,170.960277
0.194804,0.049735,-0.009177,427.862416
0.654680,0.056819,-0.092493,258.675461
0.226131,0.081982,-0.012227,416.868803
0.039935,0.046488,0.000412,481.285985
0.859531,0.049957,-0.157641,177.912047
0.203976,0.088713,-0.010033,424.675545
0.656041,0.080781,-0.092858,258.172317
0.315000,0.094207,-0.022921,385.222933
0.580648,0.053509,-0.073355,287.010670
-0.000081,0.078265,-0.000141,494.823117
0.557210,0.018542,-0.067777,295.860660
0.162514,0.008720,-0.006423,439.112400
0.546259,0.002874,-0.065246,299.981526
0.682393,0.035787,-0.100255,247.934930
0.510511,0.063256,-0.057299,313.467128
0.256683,0.097615,-0.015561,406.064841
0.151845,0.056197,-0.005606,442.862681
0.608081,0.040919,-0.080186,276.549446
0.532131,0.032943,-0.062042,305.328616
0.340480,0.097461,-0.026550,376.041382
0.389377,0.070822,-0.034225,358.257009
0.116700,0.076026,-0.003209,455.046296
0.232659,0.018378,-0.012906,414.510520
0.128681,0.083461,-0.003975,450.914721
0.094326,0.095389,-0.001928,462.760981
0.282657,0.035429,-0.018677,396.762075
0.043995,0.029671,0.000280,479.894307
0.065115,0.040830,-0.000527,472.713924
0.077324,0.019249,-0.001066,468.525493
0.301240,0.084038,-0.021066,390.154034
0.335441,0.028396,-0.025816,377.802937
0.042401,0.049009,0.000330,480.450801
0.030743,0.080801,0.000688,484.429600
0.944337,0.045472,-0.190099,143.420404
0.487247,0.009433,-0.052424,322.107834
0.775021,0.041595,-0.128550,211.647014
0.787263,0.007953,-0.132584,206.765389
0.053227,0.098923,-0.000065,476.811163
0.627182,0.028497,-0.085128,269.226943
0.244404,0.034978,-0.014176,410.368387
0.204922,0.060820,-0.010121,424.320083
0.213552,0.021294,-0.010955,421.252297
0.197093,0.044696,-0.009387,427.055575
0.545383,0.093044,-0.065023,300.392072
0.830228,0.030149,-0.147202,189.662750
0.367328,0.057595,-0.030650,366.277200
0.712803,0.093392,-0.109114,236.151065
0.208011,0.013581,-0.010414,423.195369
0.159207,0.009658,-0.006163,440.264676
0.767547,0.031209,-0.126134,214.592199
0.065357,0.037476,-0.000537,472.628466
0.233531,0.004819,-0.012998,414.190786
0.049481,0.025688,0.000088,478.026766
0.972737,0.037178,-0.201727,131.718081
0.652078,0.043682,-0.091786,259.666955
0.675561,0.079731,-0.098296,250.624175
0.188054,0.061140,-0.008570,430.236932
0.777106,0.099213,-0.129202,210.875815
0.812099,0.048862,-0.140920,196.924820
0.041925,0.009423,0.000355,480.580803
0.000112,0.037381,0.000194,494.727715
0.725753,0.080927,-0.113022,231.075679
0.712729,0.067645,-0.109103,236.156426
0.077021,0.061236,-0.001060,468.662939
0.179711,0.076212,-0.007845,433.167835
0.290192,0.023880,-0.019630,394.059378
0.079190,0.043048,-0.001158,467.906295
0.159227,0.059923,-0.006170,440.298884
0.843082,0.036248,-0.151735,184.514929
0.007285,0.006324,0.001286,492.295018
0.076966,0.099364,-0.001064,468.712744
0.172507,0.082387,-0.007239,435.689032
0.731176,0.077890,-0.114679,228.948320
0.057297,0.049170,-0.000211,475.385556
0.011777,0.057009,0.001179,490.820881
0.267066,0.088524,-0.016776,402.365440
0.529883,0.091278,-0.061527,306.225671
0.016547,0.064090,0.001068,489.216549
0.215176,0.036488,-0.011116,420.693119
0.846039,0.001361,-0.152808,183.294384
0.380999,0.089444,-0.032842,361.328878
0.134964,0.085616,-0.004399,448.742308
0.356637,0.047823,-0.028985,370.149946
0.628522,0.003175,-0.085488,268.689912
0.775036,0.050489,-0.128550,211.649478
0.155406,0.011162,-0.005870,441.588117
0.195132,0.077315,-0.009209,427.770244
0.025582,0.057000,0.000839,486.157556
0.143134,0.041884,-0.004966,445.875429
0.265545,0.099967,-0.016983,402.900261
0.145189,0.095233,-0.005120,445.206037
0.140304,0.084941,-0.004770,446.891900
-0.000123,0.035514,-0.000214,494.802937
0.889953,0.031023,-0.168913,165.596123
0.668228,0.088795,-0.096231,253.471355
0.078558,0.077775,-0.001135,468.150622
0.524745,0.019549,-0.060405,308.092279
0.093882,0.038913,-0.001895,462.867741
0.508869,0.081520,-0.056943,314.098001
0.507139,0.069736,-0.056576,314.734784
0.147376,0.021480,-0.005271,444.386630
0.575995,0.065970,-0.072225,288.788544
0.027483,0.022768,0.000795,485.486900
0.086088,0.082620,-0.001501,465.576123
0.308550,0.062723,-0.022043,387.513766
0.230353,0.089792,-0.012667,415.384537
0.191057,0.077601,-0.008840,429.198523
0.930040,0.030384,-0.184404,149.264658
0.025162,0.045716,0.000853,486.290648
0.587464,0.061730,-0.075020,284.427574
0.007766,0.048842,0.001266,492.166684
0.622758,0.011422,-0.083976,270.907617
0.589640,0.012101,-0.075571,283.554947
0.220502,0.097521,-0.011653,418.867129
0.687848,0.059375,-0.101810,245.838996
0.215228,0.022301,-0.011120,420.662948
0.082251,0.019585,-0.001301,466.839760
0.000635,0.061800,0.001399,494.578077
0.117908,0.052645,-0.003280,454.610657
0.251486,0.035799,-0.014967,407.858223
0.554781,0.030832,-0.067207,296.789814
0.015074,0.055297,0.001104,489.707082
0.541867,0.067013,-0.064228,301.694151
0.573695,0.096823,-0.071662,289.688638
0.818953,0.013318,-0.143292,194.155924
0.115345,0.055973,-0.003123,455.497216
0.219344,0.015980,-0.011531,419.207553
0.903002,0.021449,-0.173879,160.286543
0.464083,0.091300,-0.047761,330.788803
0.915970,0.002636,-0.178899,154.986516
0.599786,0.067315,-0.078081,279.739582
0.357401,0.054866,-0.029102,369.878957
0.876362,0.088551,-0.163796,171.154877
0.735632,0.059692,-0.116057,227.184051
0.466377,0.018009,-0.048224,329.873961
0.313471,0.021868,-0.022714,385.711340
0.247014,0.047333,-0.014466,409.453799
0.204296,0.093382,-0.010064,424.567033
0.203761,0.090333,-0.010013,424.752470
0.169885,0.026107,-0.007017,436.557494
0.113255,0.028211,-0.002992,456.195278
0.109437,0.071878,-0.002771,457.546010
0.156273,0.011346,-0.005937,441.286827
0.040394,0.054815,0.000396,481.136986
0.083308,0.067928,-0.001361,466.516524
0.355568,0.055850,-0.028820,370.544330
0.664827,0.077579,-0.095287,254.776208
0.191185,0.050033,-0.008849,429.130954
0.350968,0.064414,-0.028119,372.218555
0.743216,0.090891,-0.118394,224.234683
0.421826,0.061545,-0.039836,346.362149
0.134372,0.023766,-0.004350,448.896744
0.110593,0.071715,-0.002839,457.147957
0.048011,0.041351,0.000138,478.538886
0.359917,0.081128,-0.029489,368.988447
0.147853,0.096843,-0.005315,444.282637
0.028171,0.062564,0.000766,485.285764
0.183260,0.009851,-0.008145,431.872304
0.371384,0.099196,-0.031290,364.837927
0.424041,0.074254,-0.040232,345.559035
0.486507,0.048883,-0.052265,322.418117
0.747767,0.065858,-0.119828,222.422105
0.620243,0.006324,-0.083323,271.866252
0.204131,0.026637,-0.010044,424.569884
0.489960,0.088718,-0.052967,321.166586
0.373917,0.090773,-0.031696,363.909195
0.243977,0.032198,-0.014129,410.517130
0.081748,0.010617,-0.001275,467.004783
0.457631,0.040111,-0.046512,333.134799
0.297693,0.003043,-0.020601,391.356978
0.499531,0.021393,-0.054975,317.536170
0.865772,0.063276,-0.159909,175.408479
0.092488,0.020236,-0.001819,463.331003
0.022308,0.018935,0.000935,487.234458
0.144890,0.035317,-0.005091,445.260921
0.655537,0.059979,-0.092727,258.347980
0.219790,0.075291,-0.011579,419.099684
0.444557,0.094418,-0.044008,338.016488
0.577099,0.010467,-0.072507,288.319955
0.382073,0.015603,-0.033024,360.874049
0.627940,0.087929,-0.085307,268.989894
0.150203,0.043071,-0.005482,443.422580
0.905047,0.071055,-0.174633,159.502063
0.502253,0.036031,-0.055545,316.532192
0.346980,0.064131,-0.027518,373.662007
0.675544,0.069572,-0.098295,250.621423
0.380623,0.077057,-0.032782,361.455530
0.805092,0.051774,-0.138533,199.719887
0.002398,0.091452,0.001360,494.008480
0.519591,0.014923,-0.059275,310.022386
0.463985,0.014942,-0.047754,330.758394
0.672915,0.064528,-0.097555,251.635050
0.687336,0.000012,-0.101795,245.972270
0.120132,0.029560,-0.003416,453.824474
0.058358,0.079260,-0.000259,475.048150
0.313606,0.091522,-0.022730,385.721709
0.542490,0.093341,-0.064363,301.482923
0.347296,0.039622,-0.027567,373.526748
0.090972,0.078956,-0.001750,463.898596
0.247219,0.084547,-0.014490,409.412235
0.196501,0.040069,-0.009332,427.259088
0.873506,0.058715,-0.162756,172.281047
0.295919,0.072640,-0.020369,392.050851
0.060864,0.011047,-0.000346,474.139552
0.316970,0.082053,-0.023193,384.504384
0.282830,0.068849,-0.018699,396.728446
0.449498,0.016385,-0.044955,336.123271
0.540436,0.055268,-0.063906,302.222768
0.074762,0.062011,-0.000955,469.436304
0.260263,0.067773,-0.015975,404.767906
0.539989,0.048460,-0.063806,302.385261
0.556886,0.074102,-0.067687,296.032497
0.298560,0.086305,-0.020714,391.116594
0.630600,0.006647,-0.086034,267.895631
0.372583,0.048373,-0.031486,364.358160
0.918020,0.011374,-0.179692,154.158462
0.148724,0.054556,-0.005374,443.945488
0.218053,0.054335,-0.011404,419.694353
0.244967,0.011990,-0.014238,410.149543
0.282869,0.022455,-0.018704,396.675416
0.029339,0.059777,0.000734,484.888323
0.319107,0.015465,-0.023492,383.679102
0.258478,0.091733,-0.015768,405.422147
0.881695,0.001270,-0.165831,168.913984
0.010765,0.060834,0.001200,491.164964
0.496178,0.095845,-0.054257,318.853384
0.233260,0.003087,-0.012969,414.285399
0.247706,0.078877,-0.014544,409.234781
0.487962,0.066760,-0.052560,321.891760
0.277862,0.089696,-0.018082,398.519452
0.439605,0.056488,-0.043087,339.811176
0.353652,0.096228,-0.028525,371.273149
0.190128,0.052266,-0.008754,429.503230
0.130823,0.038287,-0.004112,450.137022
0.524010,0.038127,-0.060239,308.384756
0.733763,0.024814,-0.115496,227.885017
0.005406,0.044413,0.001314,492.958158
0.627657,0.018447,-0.085256,269.035585
0.109099,0.083880,-0.002753,457.672251
0.764000,0.056266,-0.124981,216.016441
0.591105,0.072182,-0.075916,283.051279
0.582247,0.051697,-0.073745,286.401836
0.936454,0.005732,-0.186967,146.614750
0.209879,0.001666,-0.010594,422.528302
0.429097,0.046002,-0.041152,343.674391
0.319603,0.045548,-0.023560,383.526244
0.277288,0.026010,-0.018012,398.670581
0.727555,0.030455,-0.113592,230.323458
0.236309,0.086074,-0.013298,413.276388
0.475808,0.046021,-0.050094,326.396869
0.805242,0.084132,-0.138568,199.690780
0.116030,0.065408,-0.003166,455.268618
0.796263,0.023467,-0.135573,203.206345
0.266887,0.072437,-0.016754,402.415761
0.126090,0.078585,-0.003804,451.806471
0.166468,0.070129,-0.006744,437.785202
0.220178,0.061348,-0.011618,418.951330
0.580967,0.083822,-0.073424,286.916986
0.145723,0.018336,-0.005150,444.957943
0.053889,0.007754,-0.000072,476.512538
0.404428,0.036190,-0.036779,352.723495
0.006149,0.012180,0.001307,492.682228
0.613421,0.089759,-0.081536,274.552660
0.254577,0.058420,-0.015319,406.780024
0.386318,0.063473,-0.033718,359.366928
0.295954,0.072254,-0.020373,392.037987
0.634439,0.002207,-0.087052,266.417686
0.322372,0.062537,-0.023946,382.543882
0.106178,0.006189,-0.002571,458.614824
0.335251,0.083307,-0.025785,377.918249
0.838904,0.018787,-0.150261,186.175385
0.600208,0.099901,-0.078349,279.592146
0.073020,0.037488,-0.000872,470.011765
0.502341,0.063864,-0.055559,316.523506
0.143641,0.083108,-0.005007,445.733057
0.195159,0.051874,-0.009210,427.739643
0.517678,0.093417,-0.058841,310.808938
0.118984,0.068838,-0.003350,454.252553
0.538117,0.043539,-0.063384,303.085885
0.061254,0.044995,-0.000368,474.033936
0.208088,0.055436,-0.010424,423.202800
0.690227,0.076454,-0.102490,244.930044
0.965615,0.038399,-0.198775,134.658869
0.715235,0.055802,-0.109857,235.166706
0.791495,0.006067,-0.133990,205.084007
0.369318,0.029619,-0.030967,365.529769
0.852776,0.039603,-0.155203,180.622318
0.738394,0.046566,-0.116916,226.088002
0.107400,0.035559,-0.002646,458.218098
0.212237,0.078305,-0.010829,421.762147
0.166148,0.057357,-0.006717,437.886236
0.158832,0.098661,-0.006144,440.467854
0.425596,0.087473,-0.040511,344.998438
0.654697,0.064139,-0.092495,258.675773
0.187345,0.032202,-0.008505,430.461142
0.819671,0.048235,-0.143522,193.902171
0.875000,0.055992,-0.163310,171.674603
0.299046,0.027775,-0.020778,390.892913
0.147308,0.029186,-0.005267,444.416528
0.492135,0.054812,-0.053424,320.325768
0.178009,0.006903,-0.007693,433.705633
0.353631,0.044664,-0.028525,371.236888
0.004931,0.037443,0.001325,493.112565
0.183975,0.087625,-0.008214,431.686144
0.200764,0.004651,-0.009725,425.734155
0.177813,0.047866,-0.007680,433.807719
0.381598,0.088592,-0.032940,361.110024
0.790463,0.037189,-0.133631,205.523100
0.153258,0.005185,-0.005707,442.329946
0.185707,0.005010,-0.008358,431.012199
0.342211,0.084523,-0.026806,375.404750
0.628902,0.066697,-0.085567,268.601615
0.729033,0.071138,-0.114026,229.782013
0.589007,0.012436,-0.075414,283.796175
0.439805,0.062737,-0.043123,339.742877
0.645138,0.034027,-0.089906,262.332054
0.382326,0.012471,-0.033066,360.779243
0.820262,0.097431,-0.143700,193.712359
0.183436,0.013734,-0.008160,431.813971
0.536405,0.056712,-0.062994,303.742059
0.548493,0.000135,-0.065987,299.117685
0.000224,0.098850,0.000387,494.740033
0.672580,0.015016,-0.097480,251.719521
0.076228,0.004506,-0.001012,468.888452
0.217366,0.072447,-0.011336,419.951502
0.365971,0.015224,-0.030439,366.734094
0.046625,0.085489,0.000177,479.045389
0.760601,0.057828,-0.123893,217.359181
0.005254,0.084314,0.001307,493.040948
0.550447,0.016843,-0.066206,298.413941
0.098617,0.060006,-0.002154,461.258668
0.876652,0.039892,-0.163932,170.991483
0.082304,0.010203,-0.001302,466.813860
0.287085,0.014894,-0.019235,395.162842
0.156898,0.033122,-0.005987,441.087280
0.105377,0.046522,-0.002531,458.923082
0.079039,0.064976,-0.001155,467.975751
0.455977,0.048786,-0.046192,333.754632
0.924804,0.081999,-0.182305,151.455884
0.982730,0.022007,-0.204279,127.813421
0.037456,0.056696,0.000490,482.135124
0.339854,0.076322,-0.026459,376.249436
0.534615,0.063878,-0.062591,304.421707
0.547074,0.000750,-0.065434,299.672177
0.430476,0.011651,-0.041408,343.136880
0.125106,0.090648,-0.003742,452.156348
0.529592,0.028313,-0.061477,306.279212
0.453551,0.039005,-0.045726,334.643881
0.496283,0.066551,-0.054285,318.788437
0.061244,0.056905,-0.000370,474.046681
0.028844,0.056453,0.000749,485.053111
0.109998,0.001622,-0.002793,457.295760
0.841264,0.085147,-0.151062,185.291164
0.268955,0.063315,-0.017001,401.671781
0.071428,0.076002,-0.000808,470.586758
0.268317,0.016870,-0.016924,401.860094
0.631890,0.023165,-0.086370,267.415620
0.303857,0.084801,-0.021414,389.216363
0.633199,0.096128,-0.086692,266.978983
0.153722,0.055326,-0.005747,442.209743
0.085096,0.069034,-0.001450,465.905189
0.222998,0.080216,-0.011905,417.972799
0.047815,0.073531,0.000138,478.631224
0.382127,0.017363,-0.033033,360.855962
0.068021,0.037096,-0.000651,471.719118
0.776846,0.022229,-0.129154,210.906925
0.394562,0.085902,-0.035092,356.375946
0.010360,0.043899,0.001213,491.288311
0.453993,0.011671,-0.045816,334.456490
0.457554,0.088936,-0.046490,333.205861
0.677135,0.085272,-0.098740,250.019056
0.037216,0.094856,0.000489,482.246956
0.011851,0.066027,0.001175,490.802833
0.443994,0.055103,-0.043908,338.190393
0.383645,0.032780,-0.033280,360.315777
0.260459,0.016082,-0.015997,404.655087
0.910978,0.038608,-0.176939,157.056015
0.226205,0.098107,-0.012235,416.856124
0.029737,0.070652,0.000720,484.762040
0.488783,0.094525,-0.052724,321.610282
0.095347,0.093703,-0.001983,462.409151
0.640359,0.013409,-0.088627,264.152452
0.604053,0.100015,-0.079315,278.125447
0.452145,0.085594,-0.045450,335.204454
0.594100,0.073073,-0.076658,281.911517
0.646248,0.033613,-0.090206,261.904431
0.188565,0.076248,-0.008617,430.070262
0.368190,0.098354,-0.030783,365.998729
0.291785,0.084877,-0.019834,393.541125
0.816064,0.085634,-0.142260,195.377342
0.657063,0.098790,-0.093132,257.794367
0.573060,0.033821,-0.071527,289.873259
0.050893,0.045871,0.000032,477.562593
0.104452,0.058276,-0.002480,459.250856
0.419459,0.011170,-0.039419,347.188464
0.937535,0.032790,-0.187381,146.197718
0.742114,0.089747,-0.118052,224.666624
0.124096,0.095580,-0.003678,452.509071
0.006279,0.051812,0.001295,492.669992
0.766363,0.035905,-0.125750,215.064581
0.573640,0.065218,-0.071658,289.681267
0.237537,0.048576,-0.013428,412.810877
0.378679,0.058874,-0.032467,362.147891
0.097801,0.082258,-0.002113,461.556807
0.021061,0.095917,0.000949,487.717175
0.078819,0.007256,-0.001134,468.004467
0.282224,0.059027,-0.018623,396.936716
0.727373,0.007714,-0.113546,230.374020
0.517042,0.089461,-0.058704,311.043733
0.755649,0.052527,-0.122320,219.306629
0.087741,0.013891,-0.001573,464.953978
0.588961,0.029971,-0.075398,283.829373
0.588502,0.066563,-0.075274,284.036993
0.023651,0.041248,0.000895,486.798030
0.092047,0.065135,-0.001803,463.518550
0.047742,0.005422,0.000155,478.601685
0.561364,0.037911,-0.068746,294.307008
0.211770,0.044177,-0.010781,421.898287
0.326823,0.056009,-0.024575,380.934907
0.735983,0.020335,-0.116182,227.009822
0.526744,0.014240,-0.060848,307.336955
0.966668,0.022793,-0.199221,134.209365
0.183358,0.052181,-0.008157,431.872753
0.670765,0.057951,-0.096953,252.461466
0.683464,0.025798,-0.100564,247.510402
0.002858,0.092732,0.001351,493.854610
0.561276,0.020884,-0.068729,294.325186
0.411511,0.061767,-0.038007,350.149634
0.056436,0.090342,-0.000186,475.711671
0.111065,0.025179,-0.002860,456.947552
0.025136,0.041513,0.000855,486.295981
0.010380,0.089884,0.001201,491.318039
0.888802,0.092812,-0.168442,166.121783
0.965058,0.067825,-0.198526,134.917094
0.773256,0.034386,-0.127979,212.338754
0.071300,0.069100,-0.000801,470.624989
0.970691,0.075672,-0.200850,132.600557
0.840073,0.011275,-0.150680,185.699008
0.202515,0.047497,-0.009892,425.154630
0.644885,0.025631,-0.089840,262.421952
0.184832,0.094801,-0.008289,431.392321
0.377523,0.002559,-0.032285,362.520798
0.293888,0.077410,-0.020105,392.782250
0.150993,0.014266,-0.005538,443.124602
0.010910,0.005350,0.001210,491.072224
0.502000,0.042051,-0.055491,316.631973
0.318089,0.092053,-0.023348,384.110147
0.346408,0.073821,-0.027432,373.877563
0.638011,0.022795,-0.087996,265.063740
0.033798,0.013349,0.000613,483.340785
0.963638,0.063309,-0.197943,135.498364
0.217032,0.092379,-0.011304,420.085894
0.430393,0.013661,-0.041393,343.169185
0.263457,0.068512,-0.016348,403.632839
0.680453,0.054609,-0.099694,248.704599
0.357806,0.018153,-0.029167,369.700601
0.442293,0.034336,-0.043592,338.800168
0.903082,0.022052,-0.173909,160.254886
0.034240,0.011261,0.000600,483.189183
0.682764,0.062988,-0.100350,247.815817
0.683155,0.002273,-0.100485,247.608823
0.000095,0.013959,0.000165,494.714497
0.143115,0.015061,-0.004961,445.859948
0.673942,0.022919,-0.097860,251.199305
0.030224,0.004424,0.000721,484.544371
0.544126,0.070397,-0.064742,300.846006
0.903280,0.065710,-0.173959,160.216024
0.381490,0.051127,-0.032926,361.117055
0.500011,0.078330,-0.055064,317.407046
0.174657,0.002953,-0.007410,434.873117
0.366794,0.067617,-0.030565,366.479794
0.007739,0.044995,0.001267,492.172635
0.502581,0.051281,-0.055612,316.422887
0.316773,0.026443,-0.023168,384.527985
0.302045,0.078561,-0.021173,389.860864
0.461844,0.097785,-0.047322,331.624444
0.261447,0.048499,-0.016112,404.330735
0.721627,0.026522,-0.111794,232.640671
0.497609,0.027829,-0.054570,318.259423
0.662321,0.000108,-0.094751,255.660877
0.099067,0.004048,-0.002170,461.058500
0.720350,0.013896,-0.111413,233.128572
0.329484,0.012283,-0.024957,379.938346
0.038245,0.082676,0.000459,481.888282
0.471827,0.062024,-0.049296,327.889887
0.565473,0.024843,-0.069720,292.740143
0.576504,0.088233,-0.072341,288.615327
0.500073,0.098106,-0.055073,317.401033
0.238146,0.036343,-0.013494,412.585065
0.395451,0.081763,-0.035242,356.047210
0.462488,0.079061,-0.047450,331.369327
0.335405,0.012784,-0.025811,377.802410
0.867268,0.094141,-0.160439,174.834032
0.226669,0.025409,-0.012280,416.632070
0.163091,0.047877,-0.006472,438.943545
0.041429,0.039068,0.000365,480.773044
0.024452,0.068778,0.000867,486.548987
0.449861,0.052591,-0.045019,336.020274
0.021596,0.095594,0.000936,487.536096
0.289671,0.030422,-0.019564,394.251264
0.580528,0.084513,-0.073317,287.084232
0.703765,0.001366,-0.106471,239.592265
0.499335,0.012965,-0.054935,317.602008
0.978592,0.039598,-0.204169,129.300395
0.557071,0.021544,-0.067743,295.915869
0.421626,0.001266,-0.039808,346.383739
0.424809,0.018388,-0.040378,345.228091
0.589181,0.054991,-0.075445,283.768326
0.549596,0.024095,-0.066008,298.741411
0.023723,0.011554,0.000899,486.749861
0.444895,0.004681,-0.044086,337.813557
0.834788,0.029795,-0.148803,187.835866
0.170130,0.089885,-0.007044,436.524389
0.733494,0.076407,-0.115391,228.038031
-0.000046,0.060602,-0.000080,494.797655
0.196315,0.022092,-0.009313,427.309796
0.632779,0.054946,-0.086594,267.102864
0.811004,0.019600,-0.140560,197.334262
0.324603,0.061930,-0.024260,381.739945
0.320490,0.088481,-0.023682,383.243332
0.326700,0.018490,-0.024559,380.947265
0.833557,0.000816,-0.148385,188.301829
0.509746,0.038688,-0.057140,313.731931
0.031016,0.020020,0.000694,484.288545
0.097331,0.030837,-0.002079,461.676637
0.769734,0.036709,-0.126837,213.733412
0.294372,0.070928,-0.020168,392.603325
0.002606,0.013426,0.001375,493.876439
0.335460,0.047825,-0.025817,377.812301
0.078845,0.095703,-0.001151,468.066792
0.875169,0.022169,-0.163392,171.574147
0.923228,0.095276,-0.181677,152.112518
0.390088,0.088940,-0.034341,358.012945
0.598215,0.052448,-0.077691,280.325104
0.605028,0.045440,-0.079409,277.719736
0.051354,0.030301,0.000019,477.393466
0.857639,0.073052,-0.156941,178.696394
0.010362,0.011972,0.001220,491.262145
0.436023,0.049101,-0.042423,341.125678
0.049098,0.068506,0.000093,478.191039
0.242378,0.033608,-0.013954,411.084780
0.070410,0.053339,-0.000758,470.916367
0.095246,0.040477,-0.001968,462.400498
0.048192,0.040481,0.000131,478.476869
0.423278,0.058580,-0.040097,345.826035
0.551000,0.057078,-0.066324,298.240717
0.404293,0.014020,-0.036758,352.753859
0.746808,0.048843,-0.119535,222.783666
0.481748,0.024962,-0.051298,324.169146
0.717945,0.079623,-0.110661,234.129572
0.845303,0.074446,-0.152505,183.659152
0.518737,0.055147,-0.059080,310.377948
0.189248,0.041076,-0.008675,429.802272
0.536953,0.010625,-0.063129,303.494996
0.811032,0.029971,-0.140565,197.332571
0.702094,0.018880,-0.105971,240.259794
0.830556,0.044760,-0.147309,189.545208
0.627990,0.024400,-0.085341,268.913474
0.616939,0.054919,-0.082452,273.175241
0.273776,0.081902,-0.017582,399.969953
0.154900,0.035432,-0.005835,441.784032
0.114882,0.065278,-0.003096,455.664355
0.982254,0.033070,-0.205101,127.869081
0.212207,0.002800,-0.010821,421.710136
0.330914,0.089018,-0.025158,379.488025
0.078179,0.051996,-0.001112,468.259363
0.179851,0.057479,-0.007855,433.103534
0.141404,0.053929,-0.004844,446.485127
0.821358,0.056011,-0.144101,193.235085
0.789964,0.005840,-0.133481,205.691873
0.963016,0.011008,-0.197723,135.703745
0.960062,0.076626,-0.196466,136.984650
0.895507,0.062096,-0.170996,163.371661
0.108230,0.048649,-0.002696,457.942752
-0.000157,0.035881,-0.000272,494.814215
0.146920,0.000810,-0.005235,444.527932
0.767833,0.030765,-0.126226,214.479153
0.600894,0.086363,-0.078354,279.334110
0.192541,0.013968,-0.008969,428.626130
0.838365,0.088223,-0.150033,186.456930
0.544742,0.076400,-0.064881,300.619122
0.223633,0.061408,-0.011969,417.733279
0.710920,0.062382,-0.108566,236.857462
0.952253,0.033287,-0.193308,140.156519
0.336709,0.042972,-0.026000,377.357367
0.234361,0.017918,-0.013087,413.908487
0.789379,0.048244,-0.133266,205.963622
0.574691,0.056209,-0.071913,289.274746
0.074708,0.032214,-0.000947,469.430511
0.359132,0.010649,-0.029372,369.213066
0.176916,0.020664,-0.007602,434.098972
0.160858,0.063416,-0.006298,439.734043
0.194843,0.041868,-0.009180,427.842115
0.336124,0.028936,-0.025915,377.556675
0.202350,0.076429,-0.009879,425.236569
0.913081,0.006808,-0.177774,156.168393
0.297887,0.040369,-0.020626,391.318794
0.042282,0.019753,0.000340,480.467884
0.297023,0.033006,-0.020513,391.622150
0.498490,0.015903,-0.054757,317.920069
0.739796,0.042957,-0.117352,225.533899
0.207514,0.048574,-0.010369,423.398838
0.598149,0.071128,-0.077670,280.366892
0.945432,0.011297,-0.190563,142.937651
0.131044,0.059909,-0.004129,450.078135
0.430374,0.034794,-0.041386,343.194389
0.232481,0.012880,-0.012887,414.568685
0.458961,0.020641,-0.046773,332.625341
0.002007,0.094072,0.001366,494.142170
0.407449,0.012436,-0.037305,351.596429
0.769307,0.078943,-0.126679,213.941515
0.135052,0.052146,-0.004400,448.684520
0.891759,0.053264,-0.169581,164.884452
0.654756,0.056885,-0.092514,258.646282
0.438669,0.042853,-0.042914,340.144562
0.240089,0.080804,-0.013706,411.934599
0.528929,0.022976,-0.061330,306.523748
0.980349,0.040070,-0.204904,128.574322
0.466472,0.073219,-0.048233,329.886973
0.177867,0.081143,-0.007688,433.816481
0.493804,0.065732,-0.053768,319.712691
0.025177,0.068888,0.000847,486.303751
0.192837,0.084189,-0.009001,428.580480
0.156741,0.087296,-0.005981,441.186014
0.368779,0.038379,-0.030881,365.733341
0.596351,0.063215,-0.077222,281.045115
0.567541,0.065231,-0.070200,291.993124
0.125076,0.048118,-0.003734,452.131956
0.479142,0.009935,-0.050773,325.125656
0.506633,0.085436,-0.056465,314.937828
0.263646,0.098009,-0.016371,403.590222
0.213654,0.085056,-0.010968,421.269283
0.174966,0.070979,-0.007442,434.821143
0.168715,0.009397,-0.006920,436.951783
0.033408,0.014747,0.000624,483.473912
0.780698,0.087292,-0.130383,209.442286
0.421054,0.006188,-0.039704,346.598259
0.087224,0.040444,-0.001551,465.152895
-0.000187,0.039858,-0.000325,494.827309
0.633702,0.034600,-0.086846,266.730038
0.602625,0.010653,-0.078812,278.605649
0.543448,0.004858,-0.064603,301.043073
0.476684,0.048765,-0.050270,326.073457
0.125070,0.009169,-0.003729,452.102392
0.024272,0.014120,0.000884,486.566555
0.824463,0.067025,-0.145172,192.004246
0.036880,0.042987,0.000511,482.319671
0.734542,0.059668,-0.115721,227.611768
0.105245,0.055790,-0.002525,458.975996
0.182929,0.062045,-0.008121,432.030979
0.043354,0.044226,0.000299,480.123510
0.470512,0.032152,-0.049039,328.351861
0.081905,0.090247,-0.001297,467.015033
0.396266,0.047325,-0.035384,355.719620
0.060173,0.043701,-0.000324,474.401293
0.130304,0.055923,-0.004079,450.330989
0.096996,0.051513,-0.002064,461.808655
0.111367,0.077093,-0.002886,456.885434
0.450190,0.082874,-0.045077,335.925266
0.322678,0.075894,-0.023989,382.445054
0.808739,0.015582,-0.139790,198.233307
0.333005,0.021555,-0.025463,378.676183
0.509610,0.021481,-0.057115,313.767563
0.164685,0.025389,-0.006597,438.369918
0.027436,0.051089,0.000789,485.525274
0.267735,0.085133,-0.016855,402.124490
0.611977,0.098492,-0.081163,275.112381
0.228634,0.095393,-0.012487,415.996367
0.730334,0.042025,-0.114436,229.245488
0.560057,0.098389,-0.068423,294.855468
0.055825,0.041466,-0.000153,475.880740
0.744903,0.015579,-0.118954,223.501780
0.169812,0.058878,-0.007015,436.609895
0.344478,0.060243,-0.027144,374.564198
-0.000101,0.083631,-0.000175,494.833861
0.402334,0.066639,-0.036416,353.516407
0.103069,0.022645,-0.002396,459.697983
0.336083,0.038733,-0.025909,377.579843
0.357504,0.031137,-0.029120,369.821115
0.273530,0.003702,-0.017552,399.991843
0.982249,0.046509,-0.205105,127.881812
0.061246,0.082340,-0.000376,474.066418
0.229262,0.049014,-0.012551,415.735944
0.052422,0.081366,-0.000032,477.070887
0.216808,0.028928,-0.011278,420.112047
0.056600,0.052935,-0.000185,475.625933
0.277675,0.092779,-0.018059,398.588603
0.054925,0.006964,-0.000111,476.159284
0.246245,0.017067,-0.014380,409.701043
0.307103,0.079160,-0.021848,388.046870
0.313668,0.093288,-0.022738,385.701076
0.153463,0.018518,-0.005724,442.269709
0.288592,0.089813,-0.019426,394.687089
0.141676,0.025127,-0.004860,446.367295
0.122956,0.002314,-0.003591,452.827169
0.447467,0.041802,-0.044566,336.895922
0.163875,0.014514,-0.006531,438.643251
0.077243,0.020058,-0.001062,468.554108
0.047832,0.067979,0.000139,478.621186
0.182699,0.048005,-0.008099,432.099870
0.982542,0.027501,-0.204604,127.836478
0.644704,0.020574,-0.089793,262.486843
0.128682,0.016883,-0.003966,450.860182
0.520130,0.074917,-0.059380,309.873168
0.492161,0.065346,-0.053427,320.325426
0.869094,0.021344,-0.161151,174.028023
0.423794,0.054956,-0.040190,345.632989
0.560879,0.043807,-0.068630,294.495764
0.497402,0.063899,-0.054519,318.368579
0.314027,0.032321,-0.022789,385.520428
0.759991,0.094103,-0.123682,217.633525
0.158623,0.065958,-0.006124,440.513911
0.346132,0.088126,-0.027390,373.989327
0.017754,0.035262,0.001046,488.786093
0.457627,0.003048,-0.046518,333.103846
0.628468,0.078267,-0.085449,268.778729
0.649391,0.083618,-0.091041,260.739088
0.154296,0.012720,-0.005786,441.975323
0.272955,0.024145,-0.017482,400.213786
0.430892,0.031844,-0.041481,343.001385
0.793397,0.015470,-0.134619,204.337610
0.416622,0.006179,-0.038915,348.226295
0.310919,0.098850,-0.022363,386.693442
0.028381,0.043575,0.000765,485.199685
0.730374,0.084745,-0.114430,229.269100
0.892275,0.029875,-0.169790,164.652749
0.572611,0.030309,-0.071420,290.040295
0.161883,0.034412,-0.006375,439.353142
0.465453,0.040448,-0.048038,330.236421
0.256992,0.010805,-0.015595,405.882618
0.917857,0.043661,-0.179609,154.255705
0.448201,0.026674,-0.044707,336.611574
0.170856,0.085029,-0.007103,436.267288
0.057119,0.008120,-0.000196,475.413070
0.079268,0.049144,-0.001163,467.884593
0.089712,0.013086,-0.001673,464.277515
0.064882,0.034122,-0.000516,472.787817
0.098415,0.029487,-0.002138,461.303101
0.782572,0.081459,-0.131001,208.694351
0.253542,0.092741,-0.015202,407.175977
0.526708,0.085806,-0.060824,307.413792
0.733742,0.029814,-0.115487,227.897981
0.118523,0.071897,-0.003321,454.413930
0.178665,0.061797,-0.007754,433.521470
0.777168,0.015888,-0.129262,210.773462
0.618111,0.050500,-0.082757,272.722537
0.682969,0.004541,-0.100431,247.682835
0.366278,0.004092,-0.030489,366.612895
-0.000269,0.064063,-0.000466,494.873135
0.046976,0.018214,0.000179,478.872310
0.083519,0.011155,-0.001362,466.398695
0.368386,0.092607,-0.030814,365.922355
0.151483,0.050354,-0.005578,442.983845
0.620679,0.042386,-0.083425,271.731794
0.372558,0.012118,-0.031485,364.336226
0.667636,0.006823,-0.096096,253.625575
0.672582,0.030395,-0.097474,251.733025
0.224366,0.033807,-0.012043,417.451535
0.375093,0.049894,-0.031888,363.446263
0.339416,0.012925,-0.026398,376.353824
0.543564,0.055394,-0.064617,301.044512
-0.000094,0.064195,-0.000163,494.816176
0.694760,0.080291,-0.103802,243.171139
0.088668,0.031191,-0.001623,464.650308
-0.000053,0.058126,-0.000092,494.797888
0.354490,0.046476,-0.028656,370.927066
0.189645,0.052234,-0.008711,429.672323
0.611620,0.018124,-0.081097,275.176552
0.555650,0.067444,-0.067400,296.493732
0.539347,0.006120,-0.063671,302.589532
0.819667,0.017751,-0.143536,193.875018
0.561474,0.071906,-0.068763,294.295686
0.448165,0.009125,-0.044703,336.609422
0.279943,0.088172,-0.018339,397.775591
0.009451,0.061602,0.001228,491.608931
0.738328,0.013396,-0.116910,226.082928
0.363011,0.007837,-0.029976,367.802668
0.127386,0.025519,-0.003882,451.315234
0.514773,0.030912,-0.058225,311.842421
0.130376,0.028449,-0.004081,450.283658
0.300559,0.071786,-0.020977,390.388013
0.417612,0.051342,-0.039085,347.901581
0.411863,0.064348,-0.038069,350.022675
0.082488,0.014250,-0.001312,466.754227
0.501660,0.082390,-0.055411,316.794582
0.764994,0.044043,-0.125306,215.612467
0.440314,0.034650,-0.043222,339.530891
0.456878,0.050070,-0.046365,333.422315
0.246879,0.099435,-0.014453,409.544923
0.573830,0.029457,-0.071713,289.577468
0.457678,0.024090,-0.046524,333.103502
0.653346,0.089793,-0.092116,259.220054
0.742275,0.027606,-0.118129,224.545976
0.475907,0.076287,-0.050109,326.386303
0.328036,0.068097,-0.024747,380.507884
0.498843,0.041980,-0.054826,317.811137
0.547126,0.072396,-0.065428,299.716390
0.181880,0.055550,-0.008029,432.392663
0.256417,0.058789,-0.015530,406.126951
0.453551,0.020372,-0.045729,334.627705
0.286532,0.002519,-0.019165,395.350208
0.567479,0.016600,-0.070198,291.973144
0.159726,0.064022,-0.006210,440.128525
0.255952,0.075872,-0.015477,406.306216
0.578330,0.076360,-0.072786,287.911549
0.502806,0.011767,-0.055668,316.303810
0.603689,0.074936,-0.079062,278.257408
0.916156,0.092149,-0.178915,154.996563
0.383128,0.088429,-0.033190,360.551969
0.894852,0.043056,-0.170759,163.619267
0.428450,0.021978,-0.041037,343.891810
0.032587,0.015837,0.000649,483.753066
0.151685,0.074572,-0.005596,442.933442
0.709593,0.041064,-0.108180,237.356030
0.080561,0.008832,-0.001218,467.409417
0.248981,0.068781,-0.014686,408.774087
0.522956,0.080943,-0.059998,308.818201
0.610626,0.007824,-0.080845,275.547242
0.867236,0.091869,-0.160429,174.845015
0.937649,0.026000,-0.187431,146.144554
0.957518,0.012444,-0.195468,137.969977
0.834078,0.020392,-0.148558,188.111736
0.588811,0.077785,-0.075347,283.929338
0.643218,0.069768,-0.089376,263.103641
0.645876,0.073445,-0.090092,262.083840
0.157770,0.012128,-0.006052,440.766572
0.681786,0.018950,-0.100088,248.154936
-0.000200,0.059068,-0.000346,494.846623
0.276183,0.006627,-0.017876,399.048536
0.730772,0.031089,-0.114575,229.063717
0.101857,0.054915,-0.002333,460.140897
0.520832,0.025576,-0.059544,309.566201
0.223443,0.038999,-0.011949,417.781450
0.860984,0.099800,-0.158089,177.380707
0.145945,0.082795,-0.005174,444.933365
0.073093,0.063717,-0.000880,470.008088
0.087779,0.063624,-0.001583,464.981102
0.509950,0.049544,-0.057182,313.665048
0.502188,0.035637,-0.055532,316.555827
0.482648,0.051742,-0.051476,323.857509
0.937186,0.008908,-0.187257,146.318051
0.307831,0.039989,-0.021947,387.752482
0.081089,0.034469,-0.001248,467.249344
0.733467,0.000475,-0.115416,227.978594
0.807010,0.077612,-0.139171,198.980281
0.030887,0.009608,0.000700,484.324099
0.909760,0.012292,-0.176485,157.526905
0.152198,0.064498,-0.005634,442.747112
0.429461,0.000525,-0.041224,343.500876
0.517569,0.086811,-0.058819,310.844092
0.270463,0.007960,-0.017181,401.088316
0.297171,0.071418,-0.020532,391.601474
0.299529,0.010663,-0.020842,390.705623
0.157012,0.025228,-0.005995,441.041192
0.672863,0.033372,-0.097552,251.626695
0.122884,0.045941,-0.003593,452.887355
0.178026,0.008650,-0.007695,433.701237
0.064505,0.084881,-0.000510,472.957142
0.215836,0.028214,-0.011181,420.453747
0.847874,0.036485,-0.153444,182.590526
0.682024,0.073420,-0.100135,248.112610
0.961999,0.023839,-0.197296,136.135637
0.068617,0.004978,-0.000671,471.489812
0.162182,0.070256,-0.006403,439.278508
0.608305,0.084451,-0.080230,276.503086
0.391463,0.019774,-0.034578,357.451214
0.817064,0.064561,-0.142615,194.958509
0.222579,0.068851,-0.011862,418.111229
0.120049,0.032533,-0.003411,453.855412
0.286011,0.081348,-0.019099,395.602711
0.956864,0.010265,-0.195202,138.237142
0.770531,0.027122,-0.127099,213.409296
0.791290,0.099961,-0.133889,205.251672
0.089472,0.021061,-0.001662,464.366376
0.222349,0.058324,-0.011838,418.183448
0.597174,0.000166,-0.077635,280.657946
0.586782,0.015154,-0.074866,284.644986
0.684018,0.044960,-0.100716,247.312915
0.240816,0.095952,-0.013785,411.689958
0.131729,0.054470,-0.004175,449.836616
0.729339,0.071467,-0.114119,229.662509
0.041892,0.004118,0.000357,480.587949
